Date,Time,Bus_No,Revenue,Route_No,Source,Hour
2019-02-17,00:00,R256,370.0,2,Sheet2,0
2019-02-17,05:20,1076,335.0,2,Sheet2,5
2019-02-17,05:40,R265,195.0,2,Sheet2,5
2019-02-17,05:50,R312,270.0,2,Sheet2,5
2019-02-17,06:00,R322,245.0,2,Sheet2,6
2019-02-17,06:10,1076,1190.0,2,Sheet2,6
2019-02-17,06:10,1710,20.0,2,Sheet2,6
2019-02-17,06:10,R280,440.0,2,Sheet2,6
2019-02-17,06:20,1541,20.0,2,Sheet2,6
2019-02-17,06:20,R296,335.0,2,Sheet2,6
2019-02-17,06:25,1710,840.0,2,Sheet2,6
2019-02-17,06:30,R265,370.0,2,Sheet2,6
2019-02-17,06:35,R320,45.0,2,Sheet2,6
2019-02-17,06:40,1541,680.0,2,Sheet2,6
2019-02-17,06:40,R288,90.0,2,Sheet2,6
2019-02-17,06:40,R312,650.0,2,Sheet2,6
2019-02-17,06:50,R320,460.0,2,Sheet2,6
2019-02-17,06:50,R322,745.0,2,Sheet2,6
2019-02-17,07:00,1076,545.0,2,Sheet2,7
2019-02-17,07:00,R280,625.0,2,Sheet2,7
2019-02-17,07:00,R318,35.0,2,Sheet2,7
2019-02-17,07:10,R254,535.0,2,Sheet2,7
2019-02-17,07:10,R296,1095.0,2,Sheet2,7
2019-02-17,07:15,R318,535.0,2,Sheet2,7
2019-02-17,07:20,R265,365.0,2,Sheet2,7
2019-02-17,07:25,1710,810.0,2,Sheet2,7
2019-02-17,07:30,R267,725.0,2,Sheet2,7
2019-02-17,07:30,R285,15.0,2,Sheet2,7
2019-02-17,07:30,R288,495.0,2,Sheet2,7
2019-02-17,07:35,R312,595.0,2,Sheet2,7
2019-02-17,07:40,1541,710.0,2,Sheet2,7
2019-02-17,07:40,R285,460.0,2,Sheet2,7
2019-02-17,07:40,R322,525.0,2,Sheet2,7
2019-02-17,07:45,R280,150.0,2,Sheet2,7
2019-02-17,07:50,1076,610.0,2,Sheet2,7
2019-02-17,07:50,R278,10.0,2,Sheet2,7
2019-02-17,07:50,R307,140.0,2,Sheet2,7
2019-02-17,07:50,R320,320.0,2,Sheet2,7
2019-02-17,08:00,R254,920.0,2,Sheet2,8
2019-02-17,08:00,R296,495.0,2,Sheet2,8
2019-02-17,08:05,R278,770.0,2,Sheet2,8
2019-02-17,08:10,R256,260.0,2,Sheet2,8
2019-02-17,08:10,R265,555.0,2,Sheet2,8
2019-02-17,08:15,993,10.0,2,Sheet2,8
2019-02-17,08:20,R267,780.0,2,Sheet2,8
2019-02-17,08:20,R288,165.0,2,Sheet2,8
2019-02-17,08:20,R318,275.0,2,Sheet2,8
2019-02-17,08:25,R312,240.0,2,Sheet2,8
2019-02-17,08:30,1077,655.0,2,Sheet2,8
2019-02-17,08:30,993,235.0,2,Sheet2,8
2019-02-17,08:30,R322,215.0,2,Sheet2,8
2019-02-17,08:35,1710,560.0,2,Sheet2,8
2019-02-17,08:35,R280,255.0,2,Sheet2,8
2019-02-17,08:40,1155,765.0,2,Sheet2,8
2019-02-17,08:40,1541,690.0,2,Sheet2,8
2019-02-17,08:40,R307,575.0,2,Sheet2,8
2019-02-17,08:45,1076,185.0,2,Sheet2,8
2019-02-17,08:45,R285,375.0,2,Sheet2,8
2019-02-17,08:50,R296,575.0,2,Sheet2,8
2019-02-17,08:55,R254,370.0,2,Sheet2,8
2019-02-17,09:00,R256,615.0,2,Sheet2,9
2019-02-17,09:00,R320,795.0,2,Sheet2,9
2019-02-17,09:05,R265,385.0,2,Sheet2,9
2019-02-17,09:05,R278,150.0,2,Sheet2,9
2019-02-17,09:10,R288,955.0,2,Sheet2,9
2019-02-17,09:15,R267,635.0,2,Sheet2,9
2019-02-17,09:15,R312,1080.0,2,Sheet2,9
2019-02-17,09:20,1077,730.0,2,Sheet2,9
2019-02-17,09:25,R280,875.0,2,Sheet2,9
2019-02-17,09:25,R318,1455.0,2,Sheet2,9
2019-02-17,09:25,R322,235.0,2,Sheet2,9
2019-02-17,09:30,1155,455.0,2,Sheet2,9
2019-02-17,09:35,993,480.0,2,Sheet2,9
2019-02-17,09:35,R307,720.0,2,Sheet2,9
2019-02-17,09:40,1076,615.0,2,Sheet2,9
2019-02-17,09:45,R296,830.0,2,Sheet2,9
2019-02-17,09:50,1541,310.0,2,Sheet2,9
2019-02-17,09:50,1710,425.0,2,Sheet2,9
2019-02-17,09:50,R254,765.0,2,Sheet2,9
2019-02-17,09:55,R256,490.0,2,Sheet2,9
2019-02-17,09:55,R285,1155.0,2,Sheet2,9
2019-02-17,10:00,R265,730.0,2,Sheet2,10
2019-02-17,10:05,R288,325.0,2,Sheet2,10
2019-02-17,10:15,1077,345.0,2,Sheet2,10
2019-02-17,10:15,R278,1095.0,2,Sheet2,10
2019-02-17,10:15,R312,580.0,2,Sheet2,10
2019-02-17,10:20,993,755.0,2,Sheet2,10
2019-02-17,10:20,R322,645.0,2,Sheet2,10
2019-02-17,10:30,1155,650.0,2,Sheet2,10
2019-02-17,10:30,R280,465.0,2,Sheet2,10
2019-02-17,10:30,R307,625.0,2,Sheet2,10
2019-02-17,10:35,R318,490.0,2,Sheet2,10
2019-02-17,10:40,R296,465.0,2,Sheet2,10
2019-02-17,10:45,R254,965.0,2,Sheet2,10
2019-02-17,10:50,R256,810.0,2,Sheet2,10
2019-02-17,10:55,1710,1940.0,2,Sheet2,10
2019-02-17,11:00,R288,820.0,2,Sheet2,11
2019-02-17,11:05,1076,885.0,2,Sheet2,11
2019-02-17,11:05,R285,500.0,2,Sheet2,11
2019-02-17,11:10,1077,710.0,2,Sheet2,11
2019-02-17,11:15,993,525.0,2,Sheet2,11
2019-02-17,11:20,1155,960.0,2,Sheet2,11
2019-02-17,11:20,R320,1310.0,2,Sheet2,11
2019-02-17,11:25,R265,720.0,2,Sheet2,11
2019-02-17,11:25,R278,510.0,2,Sheet2,11
2019-02-17,11:30,1541,905.0,2,Sheet2,11
2019-02-17,11:35,R254,590.0,2,Sheet2,11
2019-02-17,11:35,R267,515.0,2,Sheet2,11
2019-02-17,11:45,R322,1130.0,2,Sheet2,11
2019-02-17,11:50,R296,0.0,2,Sheet2,11
2019-02-17,11:55,1076,870.0,2,Sheet2,11
2019-02-17,11:55,R307,460.0,2,Sheet2,11
2019-02-17,11:55,R312,475.0,2,Sheet2,11
2019-02-17,11:58,R322,5.0,2,Sheet2,11
2019-02-17,12:05,R296,260.0,2,Sheet2,12
2019-02-17,12:10,R280,270.0,2,Sheet2,12
2019-02-17,12:15,993,1230.0,2,Sheet2,12
2019-02-17,12:15,R256,455.0,2,Sheet2,12
2019-02-17,12:15,R265,1075.0,2,Sheet2,12
2019-02-17,12:15,R318,1370.0,2,Sheet2,12
2019-02-17,12:25,R267,0.0,2,Sheet2,12
2019-02-17,12:25,R288,1025.0,2,Sheet2,12
2019-02-17,12:35,1077,665.0,2,Sheet2,12
2019-02-17,12:35,1710,805.0,2,Sheet2,12
2019-02-17,12:35,R322,1080.0,2,Sheet2,12
2019-02-17,12:40,1541,205.0,2,Sheet2,12
2019-02-17,12:40,R285,705.0,2,Sheet2,12
2019-02-17,12:45,1155,1135.0,2,Sheet2,12
2019-02-17,12:45,R307,725.0,2,Sheet2,12
2019-02-17,12:50,R312,990.0,2,Sheet2,12
2019-02-17,12:55,R254,445.0,2,Sheet2,12
2019-02-17,12:55,R296,805.0,2,Sheet2,12
2019-02-17,13:00,R280,1195.0,2,Sheet2,13
2019-02-17,13:00,R320,630.0,2,Sheet2,13
2019-02-17,13:05,R256,770.0,2,Sheet2,13
2019-02-17,13:05,R278,1125.0,2,Sheet2,13
2019-02-17,13:15,R267,840.0,2,Sheet2,13
2019-02-17,13:15,R288,915.0,2,Sheet2,13
2019-02-17,13:20,993,735.0,2,Sheet2,13
2019-02-17,13:25,1077,1290.0,2,Sheet2,13
2019-02-17,13:25,R318,700.0,2,Sheet2,13
2019-02-17,13:27,R296,255.0,2,Sheet2,13
2019-02-17,13:35,1155,925.0,2,Sheet2,13
2019-02-17,13:35,R307,960.0,2,Sheet2,13
2019-02-17,13:40,1541,0.0,2,Sheet2,13
2019-02-17,13:40,1710,140.0,2,Sheet2,13
2019-02-17,13:40,R285,580.0,2,Sheet2,13
2019-02-17,13:45,R254,785.0,2,Sheet2,13
2019-02-17,13:45,R265,1070.0,2,Sheet2,13
2019-02-17,13:55,R256,880.0,2,Sheet2,13
2019-02-17,14:00,1710,30.0,2,Sheet2,14
2019-02-17,14:05,R267,0.0,2,Sheet2,14
2019-02-17,14:05,R320,205.0,2,Sheet2,14
2019-02-17,14:15,1077,500.0,2,Sheet2,14
2019-02-17,14:15,1710,1090.0,2,Sheet2,14
2019-02-17,14:15,R278,835.0,2,Sheet2,14
2019-02-17,14:25,1155,0.0,2,Sheet2,14
2019-02-17,14:25,1732,0.0,2,Sheet2,14
2019-02-17,14:25,R307,1115.0,2,Sheet2,14
2019-02-17,14:30,R318,155.0,2,Sheet2,14
2019-02-17,14:35,993,400.0,2,Sheet2,14
2019-02-17,14:35,R265,650.0,2,Sheet2,14
2019-02-17,14:40,1732,740.0,2,Sheet2,14
2019-02-17,14:45,998,290.0,2,Sheet2,14
2019-02-17,14:45,R256,835.0,2,Sheet2,14
2019-02-17,14:50,R291,0.0,2,Sheet2,14
2019-02-17,14:55,R285,0.0,2,Sheet2,14
2019-02-17,14:55,R286,495.0,2,Sheet2,14
2019-02-17,15:05,1077,530.0,2,Sheet2,15
2019-02-17,15:05,R291,660.0,2,Sheet2,15
2019-02-17,15:15,1155,720.0,2,Sheet2,15
2019-02-17,15:15,1155,0.0,2,Sheet2,15
2019-02-17,15:15,1539,25.0,2,Sheet2,15
2019-02-17,15:20,1710,1160.0,2,Sheet2,15
2019-02-17,15:20,993,535.0,2,Sheet2,15
2019-02-17,15:20,R278,0.0,2,Sheet2,15
2019-02-17,15:30,998,895.0,2,Sheet2,15
2019-02-17,15:35,1076,1115.0,2,Sheet2,15
2019-02-17,15:35,1539,865.0,2,Sheet2,15
2019-02-17,15:40,R319,5.0,2,Sheet2,15
2019-02-17,15:45,1732,1170.0,2,Sheet2,15
2019-02-17,15:45,R286,685.0,2,Sheet2,15
2019-02-17,15:55,R250,1150.0,2,Sheet2,15
2019-02-17,15:55,R319,965.0,2,Sheet2,15
2019-02-17,16:00,R265,135.0,2,Sheet2,16
2019-02-17,16:05,1683,425.0,2,Sheet2,16
2019-02-17,16:10,1659,950.0,2,Sheet2,16
2019-02-17,16:10,1694,0.0,2,Sheet2,16
2019-02-17,16:15,998,595.0,2,Sheet2,16
2019-02-17,16:15,R291,1260.0,2,Sheet2,16
2019-02-17,16:20,565,20.0,2,Sheet2,16
2019-02-17,16:25,1076,680.0,2,Sheet2,16
2019-02-17,16:25,1708,1270.0,2,Sheet2,16
2019-02-17,16:30,1694,870.0,2,Sheet2,16
2019-02-17,16:30,1710,1175.0,2,Sheet2,16
2019-02-17,16:35,1539,1130.0,2,Sheet2,16
2019-02-17,16:35,565,625.0,2,Sheet2,16
2019-02-17,16:35,R286,780.0,2,Sheet2,16
2019-02-17,16:45,1021,795.0,2,Sheet2,16
2019-02-17,16:45,R250,1330.0,2,Sheet2,16
2019-02-17,16:50,R256,970.0,2,Sheet2,16
2019-02-17,16:50,R265,565.0,2,Sheet2,16
2019-02-17,16:55,1683,595.0,2,Sheet2,16
2019-02-17,16:55,1732,2060.0,2,Sheet2,16
2019-02-17,17:00,1659,1495.0,2,Sheet2,17
2019-02-17,17:00,R319,955.0,2,Sheet2,17
2019-02-17,17:05,998,950.0,2,Sheet2,17
2019-02-17,17:15,1076,760.0,2,Sheet2,17
2019-02-17,17:15,1708,1280.0,2,Sheet2,17
2019-02-17,17:25,R286,1150.0,2,Sheet2,17
2019-02-17,17:25,R291,1950.0,2,Sheet2,17
2019-02-17,17:25,R494,840.0,2,Sheet2,17
2019-02-17,17:30,1694,1175.0,2,Sheet2,17
2019-02-17,17:35,1021,860.0,2,Sheet2,17
2019-02-17,17:35,1710,1275.0,2,Sheet2,17
2019-02-17,17:35,R250,1035.0,2,Sheet2,17
2019-02-17,17:40,565,1055.0,2,Sheet2,17
2019-02-17,17:45,1539,1790.0,2,Sheet2,17
2019-02-17,17:45,1683,1195.0,2,Sheet2,17
2019-02-17,17:55,1659,1210.0,2,Sheet2,17
2019-02-17,18:00,1732,1265.0,2,Sheet2,18
2019-02-17,18:00,998,605.0,2,Sheet2,18
2019-02-17,18:00,R265,1175.0,2,Sheet2,18
2019-02-17,18:05,1076,1260.0,2,Sheet2,18
2019-02-17,18:10,1708,805.0,2,Sheet2,18
2019-02-17,18:10,R256,995.0,2,Sheet2,18
2019-02-17,18:10,R319,1355.0,2,Sheet2,18
2019-02-17,18:15,R494,830.0,2,Sheet2,18
2019-02-17,18:20,R286,935.0,2,Sheet2,18
2019-02-17,18:25,R250,1180.0,2,Sheet2,18
2019-02-17,18:30,1021,715.0,2,Sheet2,18
2019-02-17,18:35,1683,1195.0,2,Sheet2,18
2019-02-17,18:40,1694,720.0,2,Sheet2,18
2019-02-17,18:40,565,575.0,2,Sheet2,18
2019-02-17,18:40,R291,1170.0,2,Sheet2,18
2019-02-17,18:45,1659,1445.0,2,Sheet2,18
2019-02-17,18:50,1710,715.0,2,Sheet2,18
2019-02-17,18:55,998,450.0,2,Sheet2,18
2019-02-17,19:00,1076,310.0,2,Sheet2,19
2019-02-17,19:00,1539,630.0,2,Sheet2,19
2019-02-17,19:00,R265,220.0,2,Sheet2,19
2019-02-17,19:05,1708,1025.0,2,Sheet2,19
2019-02-17,19:10,R494,465.0,2,Sheet2,19
2019-02-17,19:15,1732,910.0,2,Sheet2,19
2019-02-17,19:15,R286,990.0,2,Sheet2,19
2019-02-17,19:20,R250,1105.0,2,Sheet2,19
2019-02-17,19:20,R319,970.0,2,Sheet2,19
2019-02-17,19:25,1021,1265.0,2,Sheet2,19
2019-02-17,19:25,R256,700.0,2,Sheet2,19
2019-02-17,19:30,1683,500.0,2,Sheet2,19
2019-02-17,19:40,1659,480.0,2,Sheet2,19
2019-02-17,19:40,565,660.0,2,Sheet2,19
2019-02-17,19:50,1694,625.0,2,Sheet2,19
2019-02-17,19:50,R265,265.0,2,Sheet2,19
2019-02-17,19:55,1076,1040.0,2,Sheet2,19
2019-02-17,20:00,1708,505.0,2,Sheet2,20
2019-02-17,20:05,R494,1095.0,2,Sheet2,20
2019-02-17,20:10,R291,605.0,2,Sheet2,20
2019-02-17,20:15,R250,780.0,2,Sheet2,20
2019-02-17,20:20,998,315.0,2,Sheet2,20
2019-02-17,20:20,R256,0.0,2,Sheet2,20
2019-02-17,20:25,1683,1015.0,2,Sheet2,20
2019-02-17,20:30,1539,845.0,2,Sheet2,20
2019-02-17,20:35,1659,730.0,2,Sheet2,20
2019-02-17,20:40,R265,350.0,2,Sheet2,20
2019-02-17,20:40,R286,705.0,2,Sheet2,20
2019-02-17,20:50,1021,320.0,2,Sheet2,20
2019-02-17,20:50,1708,1075.0,2,Sheet2,20
2019-02-17,21:00,1732,300.0,2,Sheet2,21
2019-02-17,21:00,R319,275.0,2,Sheet2,21
2019-02-17,21:05,565,600.0,2,Sheet2,21
2019-02-17,21:10,998,350.0,2,Sheet2,21
2019-02-17,21:20,1076,145.0,2,Sheet2,21
2019-02-17,21:20,R291,325.0,2,Sheet2,21
2019-02-17,21:30,1694,765.0,2,Sheet2,21
2019-02-17,21:30,1710,15.0,2,Sheet2,21
2019-02-17,21:30,R286,510.0,2,Sheet2,21
2019-02-17,21:30,R494,305.0,2,Sheet2,21
2019-02-17,21:40,1021,0.0,2,Sheet2,21
2019-02-17,21:40,1539,85.0,2,Sheet2,21
2019-02-17,21:40,R250,235.0,2,Sheet2,21
2019-02-17,21:45,R256,65.0,2,Sheet2,21
2019-02-17,21:50,1683,445.0,2,Sheet2,21
2019-02-17,21:50,565,575.0,2,Sheet2,21
2019-02-17,21:55,1732,10.0,2,Sheet2,21
2019-02-17,22:00,1659,140.0,2,Sheet2,22
2019-02-17,22:05,R319,520.0,2,Sheet2,22
2019-02-17,22:10,1076,0.0,2,Sheet2,22
2019-02-17,22:10,1708,400.0,2,Sheet2,22
2019-02-17,22:20,R291,950.0,2,Sheet2,22
2019-02-17,22:20,R494,330.0,2,Sheet2,22
2019-02-17,22:30,1021,915.0,2,Sheet2,22
2019-02-17,22:30,R250,385.0,2,Sheet2,22
2019-02-17,22:35,R256,440.0,2,Sheet2,22
2019-02-17,22:40,1539,0.0,2,Sheet2,22
2019-02-17,22:40,1683,420.0,2,Sheet2,22
2019-02-17,22:40,1694,300.0,2,Sheet2,22
2019-02-17,22:40,565,550.0,2,Sheet2,22
2019-02-17,22:50,1659,105.0,2,Sheet2,22
2019-02-17,23:00,1708,0.0,2,Sheet2,23
2019-02-17,23:00,R319,0.0,2,Sheet2,23
2019-02-17,23:05,R494,335.0,2,Sheet2,23
2019-02-17,23:15,1021,745.0,2,Sheet2,23
2019-02-17,23:15,565,280.0,2,Sheet2,23
2019-02-17,23:20,R256,865.0,2,Sheet2,23
2019-02-17,23:25,565,955.0,2,Sheet2,23
2019-02-17,23:50,R494,365.0,2,Sheet2,23
2019-02-17,06:05,1049,110.0,27,Sheet1,6
2019-02-17,07:25,1049,525.0,27,Sheet1,7
2019-02-17,07:25,1787,390.0,27,Sheet1,7
2019-02-17,08:05,1170,1040.0,27,Sheet1,8
2019-02-17,08:45,1049,385.0,27,Sheet1,8
2019-02-17,08:45,1787,650.0,27,Sheet1,8
2019-02-17,09:25,1170,190.0,27,Sheet1,9
2019-02-17,10:05,1049,435.0,27,Sheet1,10
2019-02-17,10:10,1787,720.0,27,Sheet1,10
2019-02-17,10:45,1170,550.0,27,Sheet1,10
2019-02-17,11:25,1049,640.0,27,Sheet1,11
2019-02-17,11:25,1787,900.0,27,Sheet1,11
2019-02-17,12:05,1170,600.0,27,Sheet1,12
2019-02-17,12:40,1787,425.0,27,Sheet1,12
2019-02-17,13:10,1049,630.0,27,Sheet1,13
2019-02-17,13:25,1170,740.0,27,Sheet1,13
2019-02-17,14:30,1787,495.0,27,Sheet1,14
2019-02-17,14:35,1005,755.0,27,Sheet1,14
2019-02-17,15:10,1170,480.0,27,Sheet1,15
2019-02-17,15:55,1005,240.0,27,Sheet1,15
2019-02-17,16:35,1170,395.0,27,Sheet1,16
2019-02-17,17:15,1005,1125.0,27,Sheet1,17
2019-02-17,17:55,1170,690.0,27,Sheet1,17
2019-02-17,18:35,1005,0.0,27,Sheet1,18
2019-02-17,19:15,1170,680.0,27,Sheet1,19
2019-02-17,19:50,1005,105.0,27,Sheet1,19
2019-02-17,20:35,1170,780.0,27,Sheet1,20
2019-02-17,21:40,1005,45.0,27,Sheet1,21
2019-02-17,21:55,1170,395.0,27,Sheet1,21
2019-02-17,23:40,1170,110.0,27,Sheet1,23
