route_id,route_short_name,total_trips,average_stops_per_trip,average_trip_duration_minutes,minimum_trip_duration_minutes,maximum_trip_duration_minutes,unique_stops,trips_evening_peak,trips_midday,trips_morning_peak,trips_off_peak
5,5,280,14.5,15.98,15.8,16.15,27,55,81,93,51
301,301,198,39.0,57.6,57.53,57.67,62,48,61,48,41
167,167,192,34.49,49.62,49.27,49.98,66,39,62,45,46
350,350,179,29.0,34.0,33.83,34.17,50,43,54,46,36
35,35,176,33.99,63.91,60.95,66.93,54,38,61,46,31
291,291,176,36.5,48.02,47.6,48.43,66,36,67,41,32
361,361,174,21.0,25.42,25.33,25.5,33,25,67,49,33
324,324,170,44.51,69.62,68.35,70.83,79,41,54,40,35
309,309,170,46.0,57.98,57.43,58.55,77,42,64,40,24
304,304,162,29.0,37.13,32.73,41.53,54,36,60,39,27
103,103,161,35.0,43.64,43.58,43.7,67,34,56,36,35
117,117,160,31.99,35.7,34.75,36.67,61,28,53,40,39
149,149,159,86.5,121.7,120.97,122.42,166,23,64,41,31
H8,H8,159,16.0,16.54,16.07,17.0,28,37,58,42,22
24A,24A,158,45.47,64.38,64.3,64.45,80,40,50,38,30
13,13,157,25.0,29.74,29.47,30.02,45,39,50,32,36
H9,H9,155,15.0,18.57,18.15,18.98,28,38,56,40,21
159,159,153,65.94,123.88,122.97,124.9,124,31,54,32,36
43,43,151,63.09,122.21,106.03,136.95,124,27,48,34,42
372,372,151,47.0,60.94,60.88,61.0,87,31,54,35,31
98,98,150,56.0,81.34,80.38,82.3,93,26,55,34,35
331,331,143,35.5,40.62,38.68,42.53,68,36,50,38,19
121,121,143,29.5,45.87,44.6,47.17,58,32,52,40,19
358,358,141,50.0,85.73,85.33,86.12,98,26,44,35,36
29,29,140,50.51,74.07,73.87,74.28,89,32,49,32,27
357,357,136,31.99,50.39,49.5,51.32,61,21,53,36,26
299,299,134,53.0,80.87,80.73,81.0,93,33,46,37,18
204,204,130,60.0,93.54,93.5,93.58,102,18,46,34,32
119,119,130,43.5,63.08,62.07,64.1,84,28,48,29,25
42,42,127,58.5,91.85,91.33,92.38,105,23,41,30,33
315,315,126,41.52,57.25,55.68,58.77,81,25,39,32,30
100,100,125,51.46,77.36,76.98,77.67,95,26,42,29,28
298,298,124,59.0,85.78,85.37,86.18,92,24,46,29,25
140,140,124,28.51,35.77,35.67,35.88,55,33,39,29,23
188,188,121,42.0,52.49,52.22,52.77,80,25,46,31,19
64,64,119,61.0,81.49,80.72,82.27,111,18,47,30,24
114,114,116,43.0,50.47,49.9,51.07,82,21,41,36,18
2,2,112,11.0,12.72,11.93,13.5,18,30,30,30,22
4,4,112,12.5,15.17,14.95,15.38,21,27,38,26,21
209,209,108,48.0,75.51,75.17,75.85,95,22,41,25,20
302,302,107,25.0,27.17,26.63,27.7,48,21,42,26,18
38,38,107,23.0,29.17,28.5,29.85,38,27,38,25,17
2A,2A,106,23.0,30.96,30.15,31.73,32,24,39,27,16
207A,207A,105,41.0,67.01,66.93,67.08,77,21,38,29,17
189,189,104,22.0,24.71,24.58,24.83,39,18,40,32,14
322,322,103,53.49,69.52,69.05,70.0,100,19,38,27,19
148,148,102,54.0,75.62,75.2,76.02,100,21,39,24,18
348,348,101,50.0,74.46,73.98,74.9,83,16,38,28,19
235,235,100,48.0,65.18,65.17,65.18,85,19,35,25,21
256,256,97,40.03,49.4,48.13,50.6,76,22,34,25,16
58,58,97,17.51,17.2,16.87,17.53,31,24,30,24,19
163,163,97,35.51,49.68,48.78,50.55,64,14,33,25,25
169,169,96,26.49,35.54,35.2,35.9,51,20,32,22,22
59,59,96,18.5,18.38,18.1,18.67,34,23,32,23,18
290,290,96,25.0,31.18,30.93,31.42,38,23,35,25,13
158,158,95,34.99,52.85,51.52,54.22,61,21,28,27,19
165,165,95,21.48,30.67,30.1,31.28,43,20,36,21,18
201,201,91,67.99,99.12,98.37,99.88,119,15,32,29,15
123,123,91,34.97,56.99,55.32,58.78,68,21,27,20,23
15,15,90,55.02,70.6,70.13,71.05,97,17,37,21,15
313,313,89,44.0,60.27,58.93,61.58,85,22,33,23,11
115,115,89,54.99,85.35,83.47,87.28,106,18,30,22,19
336,336,85,55.48,91.7,90.78,92.63,108,15,25,20,25
228,228,84,87.5,147.92,145.25,150.58,173,20,35,23,6
120,120,84,43.0,68.17,67.53,68.8,81,20,28,20,16
216,216,84,24.49,31.84,31.65,32.03,40,20,31,22,11
192,192,83,26.49,29.07,28.27,29.9,52,16,32,24,11
11,11,83,42.0,50.5,50.2,50.78,82,18,31,15,19
202,202,81,54.41,70.93,68.9,73.12,89,23,26,16,16
130,130,81,21.0,27.74,27.28,28.18,37,21,28,19,13
174,174,81,49.94,59.0,58.05,60.07,83,15,31,17,18
305,305,80,46.0,66.22,65.53,66.92,87,20,27,21,12
358A,358A,80,55.0,85.49,85.28,85.7,109,16,29,22,13
314,314,80,53.5,72.25,67.88,76.62,98,17,27,17,19
303,303,79,16.99,18.89,18.47,19.32,34,17,26,22,14
43A,43A,79,53.99,110.86,95.45,126.67,107,18,20,32,9
17,17,78,40.1,46.81,44.85,48.4,71,22,33,18,5
67,67,77,40.52,62.24,61.92,62.53,79,15,26,19,17
355,355,76,49.5,64.82,61.68,67.95,94,14,27,25,10
21,21,76,35.47,45.04,44.48,45.65,68,10,30,24,12
19,19,75,27.48,33.98,33.1,34.93,52,14,28,15,18
369,369,75,42.56,63.35,61.02,65.5,84,11,28,17,19
151,151,75,39.97,59.2,56.58,61.88,70,16,25,21,13
139A,139A,74,58.5,94.39,94.2,94.58,105,13,26,19,16
152,152,73,42.44,53.07,47.52,58.78,82,14,27,20,12
94,94,72,40.5,50.75,50.65,50.85,78,19,27,19,7
236,236,71,51.0,76.07,75.97,76.17,91,9,28,16,18
51,51,70,38.0,43.36,42.6,44.22,72,15,22,18,15
155,155,69,47.46,57.99,55.23,60.83,90,11,25,18,15
133A,133A,69,31.0,41.12,40.75,41.5,59,14,24,17,14
99,99,67,40.01,53.45,51.5,55.35,72,10,27,21,9
AP2,AP2,67,12.0,12.62,12.12,13.13,21,15,28,19,5
200,200,64,72.0,106.62,106.52,106.72,129,14,19,16,15
52,52,63,54.98,72.13,71.07,73.23,103,13,24,12,14
139,139,63,60.51,97.3,96.95,97.67,120,14,20,16,13
154,154,62,47.5,59.13,56.33,61.93,93,10,25,13,14
166,166,61,24.02,32.71,31.88,33.52,48,12,21,13,15
346,346,60,57.5,74.47,73.78,75.17,113,11,23,16,10
381,381,58,52.5,76.97,76.62,77.33,95,13,23,18,4
374,374,58,20.0,192.06,191.08,193.03,39,15,19,14,10
276,276,57,50.98,72.23,70.9,73.6,91,10,17,24,6
H3,H3,56,15.5,15.93,15.48,16.38,28,17,17,15,7
234,234,56,40.48,54.23,53.02,55.53,64,12,18,10,16
327,327,56,83.0,109.82,105.98,113.67,155,16,22,16,2
K16,K16,55,20.0,21.77,21.65,21.88,35,14,20,15,6
282,282,55,50.49,73.58,73.1,74.08,99,13,20,11,11
55,55,54,23.5,24.56,23.92,25.2,46,14,20,13,7
133,133,54,24.5,34.56,33.67,35.45,48,13,17,11,13
367,367,54,50.5,60.22,59.63,60.82,98,14,17,13,10
343,343,53,51.51,74.57,71.78,77.25,100,10,19,18,6
24,24,52,44.96,55.31,55.15,55.48,74,12,15,13,12
281,281,51,56.0,84.64,84.48,84.8,111,14,19,11,7
148A,148A,51,65.0,91.95,91.72,92.18,117,11,16,12,12
323,323,50,47.0,66.66,66.12,67.2,93,9,25,12,4
126,126,49,48.0,64.06,63.88,64.23,89,13,17,12,7
177,177,48,27.5,35.12,34.68,35.57,44,12,13,12,11
K14,K14,48,14.0,14.08,13.88,14.28,25,9,18,17,4
368,368,48,91.0,144.06,142.27,145.72,177,9,20,12,7
K12,K12,47,16.0,18.26,18.15,18.37,23,10,16,12,9
210,210,46,77.0,124.97,124.18,125.83,149,4,27,15,0
363,363,46,38.48,54.46,52.0,57.13,64,15,15,11,5
340,340,45,47.0,60.57,59.97,61.15,85,11,13,12,9
360,360,44,84.52,103.74,102.45,104.92,150,7,17,12,8
104,104,44,44.5,52.14,50.9,53.38,85,8,18,11,7
355A,355A,43,49.4,63.52,61.57,65.77,94,10,18,10,5
146,146,42,20.5,24.87,23.42,26.32,37,8,16,12,6
214,214,42,11.0,11.93,11.55,12.32,22,8,17,13,4
N15,N15,42,12.5,13.45,12.85,14.05,23,12,14,12,4
333,333,41,62.51,90.91,89.43,92.32,112,7,17,12,5
215,215,41,29.51,32.01,31.95,32.07,48,10,13,10,8
308,308,40,12.0,12.38,12.27,12.5,23,8,14,15,3
354,354,40,64.5,84.03,82.37,85.7,117,8,17,8,7
61,61,40,55.0,108.92,108.55,109.28,104,9,13,12,6
30,30,39,66.0,96.49,93.32,99.22,127,8,15,8,8
301A,301A,38,37.0,54.11,53.97,54.33,59,7,23,8,0
50,50,37,59.08,77.62,74.3,80.43,106,9,14,10,4
183,183,36,54.5,82.59,82.35,82.83,105,8,12,8,8
143,143,36,35.5,39.3,39.02,39.58,65,6,12,13,5
168,168,36,32.5,46.6,46.35,46.85,63,8,10,9,9
118,118,36,20.42,22.38,20.98,23.93,40,2,16,4,14
257,257,36,25.0,31.17,31.13,31.2,26,12,12,11,1
366,366,35,40.49,65.29,65.12,65.47,79,7,10,10,8
317,317,34,50.0,74.59,73.52,75.67,97,6,12,9,7
329,329,34,47.53,70.53,69.77,71.22,78,9,10,10,5
205,205,33,58.0,80.55,79.95,81.18,110,7,13,7,6
H11,H11,33,19.0,19.47,19.35,19.6,37,6,13,10,4
122,122,33,34.0,52.63,51.47,53.6,66,8,10,9,6
208,208,33,78.52,112.71,112.37,113.03,148,6,12,7,8
221,221,32,8.0,8.02,7.35,8.7,10,12,8,10,2
160,160,32,40.5,62.63,55.73,69.53,72,9,10,9,4
44,44,32,61.0,105.75,102.8,108.7,120,6,11,10,5
345,345,32,41.5,63.76,62.48,65.03,74,9,9,10,4
132,132,30,21.5,30.68,29.55,31.82,42,4,11,12,3
K11,K11,30,13.0,12.97,12.72,13.22,24,9,10,4,7
57,57,29,36.48,38.68,37.32,40.15,73,9,10,8,2
8,8,28,14.5,14.97,14.48,15.45,26,7,11,8,2
277,277,27,54.44,69.43,67.62,71.38,99,5,13,6,3
344,344,27,77.52,93.11,90.92,95.15,139,5,10,9,3
144,144,26,45.5,54.08,53.87,54.3,84,5,11,8,2
213,213,26,114.0,190.93,190.25,191.62,171,6,9,7,4
233,233,25,73.52,103.36,103.25,103.47,139,6,11,4,4
86,86,25,59.0,85.0,84.97,85.03,110,6,9,8,2
353,353,25,51.52,93.48,92.7,94.2,101,4,11,10,0
39,39,23,27.0,32.91,32.18,33.57,49,5,9,7,2
207,207,23,58.0,94.99,94.83,95.17,106,5,10,6,2
257A,257A,22,26.0,42.68,41.18,44.17,47,3,11,6,2
161,161,22,59.0,124.78,123.55,126.25,116,1,14,7,0
180,180,22,34.5,48.22,47.3,49.13,58,3,9,8,2
65A,65A,21,98.33,168.21,166.38,171.85,193,3,11,4,3
296,296,21,104.0,166.64,165.63,167.55,188,5,9,4,3
METRO SHUTTLE 31,METRO SHUTTLE 31,21,15.48,16.77,15.27,18.43,28,8,7,6,0
34,34,20,30.0,57.99,57.2,58.78,50,0,11,9,0
113,113,20,26.5,35.0,33.42,36.58,50,5,6,5,4
6,6,20,17.5,19.23,17.58,20.88,32,5,8,6,1
87,87,20,29.5,36.77,33.68,39.85,54,4,6,6,4
326,326,19,25.47,33.88,33.32,34.5,49,4,7,4,4
90,90,19,31.95,40.62,39.72,41.62,53,5,6,6,2
312,312,19,46.11,66.3,65.95,69.25,89,2,7,6,4
METRO SHUTTLE 13,METRO SHUTTLE 13,19,15.0,18.82,17.78,19.75,23,6,7,6,0
305A,305A,19,59.53,93.58,92.22,94.8,114,5,7,6,1
292,292,19,39.0,67.24,66.75,67.92,70,5,6,4,4
233A,233A,19,97.53,136.11,135.43,136.72,183,3,7,6,3
19A,19A,18,26.5,30.37,30.35,30.38,50,4,7,5,2
306,306,18,26.61,36.13,35.35,36.63,50,0,4,13,1
11C,11C,18,46.0,59.4,59.08,59.72,89,3,7,6,2
METRO SHUTTLE 20,METRO SHUTTLE 20,17,18.24,23.59,22.0,25.87,30,3,7,4,3
B2,B2,17,21.0,28.84,28.5,29.08,33,4,7,4,2
184,184,16,29.5,40.12,40.12,40.13,56,3,7,4,2
179,179,16,44.25,60.5,58.22,62.28,83,3,5,4,4
185,185,16,29.0,40.95,40.52,41.38,49,6,5,0,5
141,141,16,20.5,25.58,25.38,25.77,40,4,6,5,1
72,72,16,53.5,66.07,65.83,66.32,97,2,4,9,1
337,337,16,67.5,95.12,94.75,95.5,134,3,6,4,3
37,37,16,23.0,26.89,26.47,27.32,40,4,6,4,2
K12A,K12A,16,20.0,22.08,22.08,22.08,21,3,6,4,3
111M,111M,15,37.13,52.75,50.15,55.02,74,3,5,4,3
118A,118A,15,18.4,20.32,19.23,21.57,36,5,4,6,0
124,124,15,50.6,68.31,67.3,68.98,99,3,5,7,0
158A,158A,15,36.4,51.13,50.07,52.35,68,3,5,4,3
157,157,15,37.47,59.02,58.03,60.15,61,2,6,5,2
360A,360A,15,44.53,57.8,57.55,58.08,76,3,5,4,3
67A,67A,15,57.47,90.46,89.95,91.03,109,3,5,4,3
364,364,15,17.0,35.8,35.15,36.53,24,3,5,4,3
356,356,14,32.5,35.61,35.12,36.1,57,4,4,5,1
137,137,14,104.36,190.92,190.27,192.08,171,3,3,3,5
341,341,14,47.0,68.53,67.45,69.6,90,4,5,3,2
52A,52A,14,75.0,117.93,117.12,118.75,140,3,6,4,1
METRO SHUTTLE 2,METRO SHUTTLE 2,14,20.0,23.98,23.77,24.18,37,5,5,3,1
26,26,14,23.5,30.7,30.27,31.13,36,3,3,4,4
297,297,14,27.0,35.23,34.67,35.8,38,3,5,4,2
12,12,14,28.5,35.62,35.07,36.17,53,4,4,4,2
70,70,14,99.5,146.33,145.97,146.7,184,3,5,4,2
332,332,14,37.0,52.76,52.27,53.25,60,3,4,4,3
367M,367M,13,50.54,60.09,59.52,60.77,96,3,3,3,4
320,320,13,38.85,46.66,42.78,51.18,72,0,7,6,0
374A,374A,13,21.0,192.51,191.08,194.17,41,4,3,6,0
172,172,13,39.46,46.41,46.37,46.45,69,3,5,4,1
METRO SHUTTLE 32,METRO SHUTTLE 32,12,23.0,30.07,29.53,30.6,45,4,5,3,0
323A,323A,12,39.0,57.36,55.67,59.05,76,3,5,3,1
203,203,12,28.0,39.85,39.85,39.85,28,0,5,4,3
METRO SHUTTLE 17,METRO SHUTTLE 17,12,22.5,34.27,34.02,34.52,39,2,4,4,2
136,136,12,17.0,28.74,27.65,29.83,34,3,5,4,0
144A,144A,12,37.0,43.2,42.73,43.67,73,3,4,4,1
142,142,12,60.5,91.88,91.07,92.7,115,2,4,4,2
145,145,12,33.5,40.05,38.97,41.13,64,3,4,3,2
375,375,12,71.5,130.91,129.62,132.2,96,2,4,5,1
362,362,12,37.0,43.71,43.68,43.73,64,2,4,3,3
47,47,12,39.0,48.8,48.07,49.53,72,3,4,3,2
186,186,12,14.0,16.01,14.32,17.7,27,0,5,7,0
227A,227A,12,81.0,122.07,120.92,123.22,155,1,6,5,0
321,321,12,15.0,17.5,17.12,17.88,26,0,6,6,0
262,262,12,68.5,103.26,102.62,103.9,123,2,4,4,2
84A,84A,11,55.0,77.43,77.37,77.48,102,3,3,3,2
87A,87A,11,44.36,65.27,62.75,68.28,87,3,3,4,1
162,162,11,89.82,182.73,181.9,183.72,161,3,4,4,0
84,84,11,77.36,118.47,118.35,118.68,135,3,2,3,3
9,9,10,20.0,20.87,19.6,22.13,34,0,4,6,0
131,131,10,51.0,65.6,64.53,66.67,100,3,3,3,1
69,69,10,67.5,92.21,91.9,92.52,126,2,4,3,1
159B,159B,10,99.6,198.97,197.45,199.98,190,1,4,4,1
N16,N16,10,19.0,20.5,20.45,20.55,37,0,4,6,0
305B,305B,10,65.6,103.68,101.57,105.08,122,2,4,3,1
119A,119A,10,45.0,64.08,62.43,65.73,85,3,3,3,1
307,307,10,20.0,21.75,21.7,21.8,36,0,5,5,0
322A,322A,10,55.5,70.82,70.05,71.58,103,0,5,5,0
107,107,10,57.0,72.6,70.47,74.73,111,2,4,3,1
153,153,10,53.6,75.76,75.45,75.97,92,3,4,3,0
P13,P13,10,21.5,22.75,22.07,23.43,36,6,2,0,2
211,211,9,43.0,71.93,71.93,71.93,46,3,2,4,0
331B,331B,9,59.11,69.05,67.02,70.68,103,3,3,3,0
331A,331A,9,61.33,72.68,70.25,75.72,111,3,3,3,0
339,339,9,66.0,98.12,96.27,99.6,118,1,3,2,3
176,176,8,41.5,50.29,49.85,50.73,68,3,3,2,0
227,227,8,69.5,99.6,98.38,100.82,131,2,1,2,3
164,164,8,102.0,197.18,196.45,197.9,190,1,3,3,1
209A,209A,8,59.0,92.39,91.75,93.03,107,2,3,2,1
306A,306A,8,34.0,43.3,42.55,44.05,67,3,2,3,0
316,316,8,63.0,90.58,89.12,92.05,121,2,3,3,0
83,83,8,79.0,108.93,108.38,109.48,145,2,2,2,2
74,74,8,70.0,96.67,96.23,97.1,122,2,2,3,1
60,60,8,23.5,26.47,25.13,27.8,39,0,4,4,0
77,77,8,70.0,98.38,97.77,98.98,120,2,3,2,1
371,371,8,86.0,124.84,124.53,125.15,149,2,2,2,2
73,73,8,70.5,111.24,110.9,111.58,136,2,1,2,3
334,334,8,18.5,23.04,21.63,24.45,35,0,3,5,0
91,91,7,22.71,27.72,25.8,29.17,43,2,3,2,0
264,264,7,84.43,158.34,158.15,158.48,149,1,3,2,1
RATRANI 3,RATRANI 3,7,18.0,27.99,27.9,28.05,30,1,1,0,5
RATRANI 4,RATRANI 4,7,17.14,26.51,26.05,26.85,30,1,1,0,5
296A,296A,7,84.0,132.58,131.82,133.15,158,2,3,2,0
279,279,7,90.57,131.98,130.65,132.98,167,2,3,2,0
359A,359A,6,63.0,105.72,105.03,106.4,119,3,1,2,0
66,66,6,66.0,92.02,90.28,93.77,119,1,3,2,0
RATRANI 7,RATRANI 7,6,50.0,58.69,57.5,59.88,95,0,1,0,5
232,232,6,93.0,134.33,133.08,135.57,157,2,2,2,0
212,212,6,104.0,171.6,171.42,171.78,201,1,2,2,1
233B,233B,6,87.5,129.83,128.8,130.87,164,1,3,2,0
303A,303A,6,37.0,43.91,43.67,44.15,71,0,3,3,0
293,293,6,81.0,146.26,146.15,146.37,135,1,3,2,0
108,108,6,28.5,31.82,31.57,32.07,56,0,3,3,0
147,147,6,70.5,121.8,121.13,122.47,131,2,2,2,0
RATRANI 2,RATRANI 2,6,26.5,34.12,33.88,34.35,43,2,0,0,4
355M,355M,6,37.5,43.46,42.37,44.55,70,0,3,3,0
351,351,6,76.0,107.52,106.33,109.9,127,1,2,3,0
342,342,6,37.0,52.75,52.17,53.33,60,0,2,4,0
330,330,6,69.0,92.91,91.9,93.42,125,0,1,4,1
370,370,6,61.0,102.62,88.5,116.75,122,2,3,1,0
225,225,5,69.0,110.36,108.68,111.48,114,1,2,1,1
K7,K7,5,27.0,33.18,32.75,33.83,49,0,3,2,0
103M,103M,4,35.0,43.64,43.58,43.7,67,0,3,1,0
92,92,4,40.5,46.09,45.72,46.47,74,0,1,3,0
302A,302A,4,49.0,59.15,59.12,59.18,83,0,2,2,0
283,283,4,32.5,36.61,36.47,36.75,56,0,1,3,0
231,231,4,117.5,167.02,166.7,167.33,212,1,1,1,1
258,258,4,40.0,47.28,47.05,47.5,67,0,2,2,0
372M,372M,4,47.0,61.53,60.52,62.55,86,0,1,3,0
352,352,4,81.0,136.6,135.97,137.23,90,1,1,2,0
41,41,4,54.5,64.91,62.68,67.13,99,0,2,2,0
95,95,4,25.0,30.16,30.13,30.18,44,0,1,3,0
140A,140A,4,31.0,38.13,37.42,38.85,60,0,3,1,0
380,380,4,53.0,74.08,72.35,75.82,99,0,1,3,0
376,376,4,43.0,59.21,58.52,59.9,81,0,2,2,0
373,373,4,53.5,79.03,78.15,79.92,85,0,1,3,0
68,68,4,38.5,45.02,44.62,45.42,71,0,1,3,0
78,78,4,51.0,58.53,58.32,58.73,87,0,3,1,0
81,81,4,37.5,41.03,40.73,41.32,67,0,2,2,0
97,97,4,33.0,40.17,38.15,42.18,63,0,2,2,0
11A,11A,4,48.0,56.98,56.72,57.23,92,0,1,3,0
219,219,3,64.33,88.59,86.2,89.78,118,0,0,3,0
175,175,3,36.67,51.28,50.93,51.98,70,0,0,3,0
85,85,3,48.0,67.58,63.75,69.5,85,0,1,2,0
135,135,3,105.33,188.2,187.48,189.63,165,0,2,0,1
64M,64M,2,42.0,58.47,57.92,59.03,77,0,1,0,1
RATRANI 1,RATRANI 1,2,26.5,35.12,34.52,35.72,44,0,0,0,2
