route_id,route_short_name,total_trips,average_stops,average_trip_duration,unique_stops,peak_share,route_complexity,kmeans,hierarchical,gmm,dbscan,cluster,cluster_description
100,100,125,51.456,77.3551,95,0.44,1.8462,2,0,2,0,Cluster A,high frequency
103,103,161,35.0,43.642,67,0.4348,1.9143,2,0,2,0,Cluster A,high frequency
103M,103M,4,35.0,43.6417,67,0.25,1.9143,2,0,3,-1,Cluster A,high frequency
104,104,44,44.5,52.1417,85,0.4318,1.9101,2,0,2,0,Cluster A,high frequency
107,107,10,57.0,72.6,111,0.5,1.9474,0,1,2,0,Cluster D,"low frequency, peak-heavy"
108,108,6,28.5,31.8167,56,0.5,1.9649,0,0,1,0,Cluster D,"low frequency, peak-heavy"
11,11,83,42.0,50.4952,82,0.3976,1.9524,2,0,2,0,Cluster A,high frequency
111M,111M,15,37.1333,52.7456,74,0.4667,1.9928,2,0,2,0,Cluster A,high frequency
113,113,20,26.5,35.0,50,0.5,1.8868,3,0,1,0,Cluster B,"few stops per trip, short trips, small network"
114,114,116,43.0,50.4733,82,0.4914,1.907,2,0,2,0,Cluster A,high frequency
115,115,89,54.9888,85.3536,106,0.4494,1.9277,2,0,2,0,Cluster A,high frequency
117,117,160,31.9875,35.6964,61,0.425,1.907,2,0,1,0,Cluster A,high frequency
118,118,36,20.4167,22.3764,40,0.1667,1.9592,3,0,3,-1,Cluster B,"few stops per trip, short trips, small network"
118A,118A,15,18.4,20.3222,36,0.7333,1.9565,0,2,1,-1,Cluster D,"low frequency, peak-heavy"
119,119,130,43.5,63.0833,84,0.4385,1.931,2,0,2,0,Cluster A,high frequency
119A,119A,10,45.0,64.0833,85,0.6,1.8889,0,3,2,0,Cluster D,"low frequency, peak-heavy"
11A,11A,4,48.0,56.975,92,0.75,1.9167,0,3,2,1,Cluster D,"low frequency, peak-heavy"
11C,11C,18,46.0,59.4,89,0.5,1.9348,2,0,2,0,Cluster A,high frequency
12,12,14,28.5,35.6167,53,0.5714,1.8596,0,0,1,0,Cluster D,"low frequency, peak-heavy"
120,120,84,43.0,68.1667,81,0.4762,1.8837,2,0,2,0,Cluster A,high frequency
121,121,143,29.4965,45.8744,58,0.5035,1.9663,2,0,1,0,Cluster A,high frequency
122,122,33,34.0,52.6303,66,0.5152,1.9412,2,0,2,0,Cluster A,high frequency
123,123,91,34.967,56.9929,68,0.4505,1.9447,2,0,2,0,Cluster A,high frequency
124,124,15,50.6,68.31,99,0.6667,1.9565,0,3,2,0,Cluster D,"low frequency, peak-heavy"
126,126,49,48.0,64.0619,89,0.5102,1.8542,2,0,2,0,Cluster A,high frequency
13,13,157,25.0,29.7399,45,0.4522,1.8,3,0,1,0,Cluster B,"few stops per trip, short trips, small network"
130,130,81,21.0,27.7389,37,0.4938,1.7619,3,2,1,0,Cluster B,"few stops per trip, short trips, small network"
131,131,10,51.0,65.6,100,0.6,1.9608,0,3,2,0,Cluster D,"low frequency, peak-heavy"
132,132,30,21.5,30.6833,42,0.5333,1.9535,3,2,1,0,Cluster B,"few stops per trip, short trips, small network"
133,133,54,24.5,34.5583,48,0.4444,1.9592,3,0,1,0,Cluster B,"few stops per trip, short trips, small network"
133A,133A,69,31.0,41.1196,59,0.4493,1.9032,2,0,1,0,Cluster A,high frequency
135,135,3,105.3333,188.2,165,0.0,1.5665,1,1,0,-1,Cluster C,"low frequency, many stops per trip, long trips, large network"
136,136,12,17.0,28.7417,34,0.5833,2.0,3,2,1,0,Cluster B,"few stops per trip, short trips, small network"
137,137,14,104.3571,190.9155,171,0.4286,1.6386,1,1,0,-1,Cluster C,"low frequency, many stops per trip, long trips, large network"
139,139,63,60.5079,97.3026,120,0.4762,1.9832,2,0,2,0,Cluster A,high frequency
139A,139A,74,58.5,94.3917,105,0.4324,1.7949,2,0,2,0,Cluster A,high frequency
140,140,124,28.5081,35.7733,55,0.5,1.9293,2,0,1,0,Cluster A,high frequency
140A,140A,4,31.0,38.1333,60,0.25,1.9355,3,0,3,-1,Cluster B,"few stops per trip, short trips, small network"
141,141,16,20.5,25.575,40,0.5625,1.9512,3,2,1,0,Cluster B,"few stops per trip, short trips, small network"
142,142,12,60.5,91.8833,115,0.5,1.9008,1,1,2,0,Cluster C,"low frequency, many stops per trip, long trips, large network"
143,143,36,35.5,39.3,65,0.5278,1.831,2,0,2,0,Cluster A,high frequency
144,144,26,45.5,54.0833,84,0.5,1.8462,2,0,2,0,Cluster A,high frequency
144A,144A,12,37.0,43.2,73,0.5833,1.973,0,0,2,0,Cluster D,"low frequency, peak-heavy"
145,145,12,33.5,40.05,64,0.5,1.9104,0,0,1,0,Cluster D,"low frequency, peak-heavy"
146,146,42,20.5,24.8667,37,0.4762,1.8049,3,2,1,0,Cluster B,"few stops per trip, short trips, small network"
147,147,6,70.5,121.8,131,0.6667,1.8582,1,3,0,0,Cluster C,"low frequency, many stops per trip, long trips, large network"
148,148,102,54.0,75.6163,100,0.4412,1.8519,2,0,2,0,Cluster A,high frequency
148A,148A,51,65.0,91.9546,117,0.451,1.8,2,1,0,0,Cluster A,high frequency
149,149,159,86.4969,121.6962,166,0.4025,1.9191,1,1,0,-1,Cluster C,"low frequency, many stops per trip, long trips, large network"
15,15,90,55.0222,70.6019,97,0.4222,1.7629,2,0,2,0,Cluster A,high frequency
151,151,75,39.9733,59.198,70,0.4933,1.7512,2,0,2,0,Cluster A,high frequency
152,152,73,42.4384,53.0728,82,0.4658,1.9322,2,0,2,0,Cluster A,high frequency
153,153,10,53.6,75.76,92,0.6,1.7164,0,3,2,0,Cluster D,"low frequency, peak-heavy"
154,154,62,47.5,59.1333,93,0.371,1.9579,2,0,2,0,Cluster A,high frequency
155,155,69,47.4638,57.9928,90,0.4203,1.8962,2,0,2,0,Cluster A,high frequency
157,157,15,37.4667,59.0211,61,0.4667,1.6281,3,0,2,0,Cluster B,"few stops per trip, short trips, small network"
158,158,95,34.9895,52.8525,61,0.5053,1.7434,2,0,2,0,Cluster A,high frequency
158A,158A,15,36.4,51.1322,68,0.4667,1.8681,2,0,2,0,Cluster A,high frequency
159,159,153,65.9412,123.8765,124,0.4118,1.8805,2,1,0,-1,Cluster A,high frequency
159B,159B,10,99.6,198.97,190,0.5,1.9076,1,1,0,-1,Cluster C,"low frequency, many stops per trip, long trips, large network"
160,160,32,40.5,62.6333,72,0.5625,1.7778,2,0,2,0,Cluster A,high frequency
161,161,22,59.0,124.7773,116,0.3636,1.9661,1,1,0,-1,Cluster C,"low frequency, many stops per trip, long trips, large network"
162,162,11,89.8182,182.7258,161,0.6364,1.7925,1,1,0,-1,Cluster C,"low frequency, many stops per trip, long trips, large network"
163,163,97,35.5052,49.6758,64,0.4021,1.8026,2,0,2,0,Cluster A,high frequency
164,164,8,102.0,197.175,190,0.5,1.8627,1,1,0,-1,Cluster C,"low frequency, many stops per trip, long trips, large network"
165,165,95,21.4842,30.673,43,0.4316,2.0015,3,0,1,0,Cluster B,"few stops per trip, short trips, small network"
166,166,61,24.0164,32.7134,48,0.4098,1.9986,3,0,1,0,Cluster B,"few stops per trip, short trips, small network"
167,167,192,34.4896,49.6175,66,0.4375,1.9136,2,0,2,0,Cluster A,high frequency
168,168,36,32.5,46.6,63,0.4722,1.9385,2,0,1,0,Cluster A,high frequency
169,169,96,26.4896,35.5427,51,0.4375,1.9253,2,0,1,0,Cluster A,high frequency
17,17,78,40.1026,46.8071,71,0.5128,1.7705,2,0,2,0,Cluster A,high frequency
172,172,13,39.4615,46.4115,69,0.5385,1.7485,0,0,2,0,Cluster D,"low frequency, peak-heavy"
174,174,81,49.9383,58.9961,83,0.3951,1.6621,2,0,2,0,Cluster A,high frequency
175,175,3,36.6667,51.2833,70,1.0,1.9091,0,3,0,-1,Cluster D,"low frequency, peak-heavy"
176,176,8,41.5,50.2917,68,0.625,1.6386,0,3,2,-1,Cluster D,"low frequency, peak-heavy"
177,177,48,27.5,35.125,44,0.5,1.6,3,2,1,0,Cluster B,"few stops per trip, short trips, small network"
179,179,16,44.25,60.5042,83,0.4375,1.8757,2,0,2,0,Cluster A,high frequency
180,180,22,34.5,48.2167,58,0.5,1.6812,3,0,2,0,Cluster B,"few stops per trip, short trips, small network"
183,183,36,54.5,82.5917,105,0.4444,1.9266,2,1,2,0,Cluster A,high frequency
184,184,16,29.5,40.125,56,0.4375,1.8983,3,0,1,0,Cluster B,"few stops per trip, short trips, small network"
185,185,16,29.0,40.95,49,0.375,1.6897,3,0,1,0,Cluster B,"few stops per trip, short trips, small network"
186,186,12,14.0,16.0083,27,0.5833,1.9286,3,2,3,0,Cluster B,"few stops per trip, short trips, small network"
188,188,121,42.0,52.4939,80,0.4628,1.9048,2,0,2,0,Cluster A,high frequency
189,189,104,22.0,24.7083,39,0.4808,1.7727,3,2,1,0,Cluster B,"few stops per trip, short trips, small network"
19,19,75,27.48,33.98,52,0.3867,1.8923,2,0,1,0,Cluster A,high frequency
192,192,83,26.494,29.0735,52,0.4819,1.9627,2,0,1,0,Cluster A,high frequency
19A,19A,18,26.5,30.3667,50,0.5,1.8868,3,0,1,0,Cluster B,"few stops per trip, short trips, small network"
2,2,112,11.0,12.7167,18,0.5357,1.6364,3,2,3,0,Cluster B,"few stops per trip, short trips, small network"
200,200,64,72.0,106.6198,129,0.4688,1.7917,1,1,0,0,Cluster C,"low frequency, many stops per trip, long trips, large network"
201,201,91,67.989,99.1167,119,0.4835,1.7503,2,1,0,0,Cluster A,high frequency
202,202,81,54.4074,70.9302,89,0.4815,1.6358,2,0,2,0,Cluster A,high frequency
203,203,12,28.0,39.85,28,0.3333,1.0,3,2,3,-1,Cluster B,"few stops per trip, short trips, small network"
204,204,130,60.0,93.541,102,0.4,1.7,2,0,2,0,Cluster A,high frequency
205,205,33,58.0,80.548,110,0.4242,1.8966,2,1,2,0,Cluster A,high frequency
207,207,23,58.0,94.9928,106,0.4783,1.8276,2,1,2,0,Cluster A,high frequency
207A,207A,105,41.0,67.009,77,0.4762,1.878,2,0,2,0,Cluster A,high frequency
208,208,33,78.5152,112.7101,148,0.3939,1.885,1,1,0,0,Cluster C,"low frequency, many stops per trip, long trips, large network"
209,209,108,48.0,75.5083,95,0.4352,1.9792,2,0,2,0,Cluster A,high frequency
209A,209A,8,59.0,92.3917,107,0.5,1.8136,1,1,2,0,Cluster C,"low frequency, many stops per trip, long trips, large network"
21,21,76,35.4737,45.036,68,0.4474,1.9169,2,0,2,0,Cluster A,high frequency
210,210,46,77.0,124.9725,149,0.413,1.9351,1,1,0,0,Cluster C,"low frequency, many stops per trip, long trips, large network"
211,211,9,43.0,71.9333,46,0.7778,1.0698,0,2,3,-1,Cluster D,"low frequency, peak-heavy"
212,212,6,104.0,171.6,201,0.5,1.9327,1,1,0,-1,Cluster C,"low frequency, many stops per trip, long trips, large network"
213,213,26,114.0,190.9333,171,0.5,1.5,1,1,0,-1,Cluster C,"low frequency, many stops per trip, long trips, large network"
214,214,42,11.0,11.9333,22,0.5,2.0,3,2,3,0,Cluster B,"few stops per trip, short trips, small network"
215,215,41,29.5122,32.0069,48,0.4878,1.6264,3,2,1,0,Cluster B,"few stops per trip, short trips, small network"
216,216,84,24.4881,31.8371,40,0.5,1.6334,3,2,1,0,Cluster B,"few stops per trip, short trips, small network"
219,219,3,64.3333,88.5889,118,1.0,1.8342,0,3,0,-1,Cluster D,"low frequency, peak-heavy"
221,221,32,8.0,8.025,10,0.6875,1.25,3,2,3,-1,Cluster B,"few stops per trip, short trips, small network"
225,225,5,69.0,110.3633,114,0.4,1.6522,1,1,0,-1,Cluster C,"low frequency, many stops per trip, long trips, large network"
227,227,8,69.5,99.6,131,0.5,1.8849,1,1,0,0,Cluster C,"low frequency, many stops per trip, long trips, large network"
227A,227A,12,81.0,122.0667,155,0.5,1.9136,1,1,0,0,Cluster C,"low frequency, many stops per trip, long trips, large network"
228,228,84,87.5,147.9167,173,0.5119,1.9771,1,1,0,-1,Cluster C,"low frequency, many stops per trip, long trips, large network"
231,231,4,117.5,167.0167,212,0.5,1.8043,1,1,0,-1,Cluster C,"low frequency, many stops per trip, long trips, large network"
232,232,6,93.0,134.325,157,0.6667,1.6882,1,1,0,-1,Cluster C,"low frequency, many stops per trip, long trips, large network"
233,233,25,73.52,103.3627,139,0.4,1.8906,1,1,0,0,Cluster C,"low frequency, many stops per trip, long trips, large network"
233A,233A,19,97.5263,136.1088,183,0.4737,1.8764,1,1,0,-1,Cluster C,"low frequency, many stops per trip, long trips, large network"
233B,233B,6,87.5,129.8333,164,0.5,1.8743,1,1,0,0,Cluster C,"low frequency, many stops per trip, long trips, large network"
234,234,56,40.4821,54.2301,64,0.3929,1.5809,2,0,2,0,Cluster A,high frequency
235,235,100,48.0,65.175,85,0.44,1.7708,2,0,2,0,Cluster A,high frequency
236,236,71,51.0,76.0681,91,0.3521,1.7843,2,0,2,0,Cluster A,high frequency
24,24,52,44.9615,55.3103,74,0.4808,1.6459,2,0,2,0,Cluster A,high frequency
24A,24A,158,45.4684,64.3797,80,0.4937,1.7595,2,0,2,0,Cluster A,high frequency
256,256,97,40.0309,49.4048,76,0.4845,1.8985,2,0,2,0,Cluster A,high frequency
257,257,36,25.0,31.1667,26,0.6389,1.04,3,2,3,-1,Cluster B,"few stops per trip, short trips, small network"
257A,257A,22,26.0,42.675,47,0.4091,1.8077,3,0,1,0,Cluster B,"few stops per trip, short trips, small network"
258,258,4,40.0,47.275,67,0.5,1.675,0,0,2,0,Cluster D,"low frequency, peak-heavy"
26,26,14,23.5,30.7,36,0.5,1.5319,3,2,1,0,Cluster B,"few stops per trip, short trips, small network"
262,262,12,68.5,103.2583,123,0.5,1.7956,1,1,0,0,Cluster C,"low frequency, many stops per trip, long trips, large network"
264,264,7,84.4286,158.3405,149,0.4286,1.7648,1,1,0,-1,Cluster C,"low frequency, many stops per trip, long trips, large network"
276,276,57,50.9825,72.2263,91,0.5965,1.7849,2,0,2,0,Cluster A,high frequency
277,277,27,54.4444,69.4302,99,0.4074,1.8184,2,1,2,0,Cluster A,high frequency
279,279,7,90.5714,131.9833,167,0.5714,1.8438,1,1,0,0,Cluster C,"low frequency, many stops per trip, long trips, large network"
281,281,51,56.0,84.6386,111,0.4902,1.9821,2,0,2,0,Cluster A,high frequency
282,282,55,50.4909,73.5827,99,0.4364,1.9607,2,0,2,0,Cluster A,high frequency
283,283,4,32.5,36.6083,56,0.75,1.7231,0,3,1,1,Cluster D,"low frequency, peak-heavy"
29,29,140,50.5143,74.069,89,0.4571,1.7619,2,0,2,0,Cluster A,high frequency
290,290,96,25.0,31.18,38,0.5,1.52,3,2,1,0,Cluster B,"few stops per trip, short trips, small network"
291,291,176,36.5,48.0167,66,0.4375,1.8082,2,0,2,0,Cluster A,high frequency
292,292,19,39.0,67.2412,70,0.4737,1.7949,2,0,2,0,Cluster A,high frequency
293,293,6,81.0,146.2583,135,0.5,1.6667,1,1,0,0,Cluster C,"low frequency, many stops per trip, long trips, large network"
296,296,21,104.0,166.6373,188,0.4286,1.8077,1,1,0,-1,Cluster C,"low frequency, many stops per trip, long trips, large network"
296A,296A,7,84.0,132.5786,158,0.5714,1.881,1,1,0,0,Cluster C,"low frequency, many stops per trip, long trips, large network"
297,297,14,27.0,35.2333,38,0.5,1.4074,3,2,1,-1,Cluster B,"few stops per trip, short trips, small network"
298,298,124,59.0,85.775,92,0.4274,1.5593,2,0,2,0,Cluster A,high frequency
299,299,134,53.0,80.8667,93,0.5224,1.7547,2,0,2,0,Cluster A,high frequency
2A,2A,106,23.0,30.9566,32,0.4811,1.3913,3,2,1,0,Cluster B,"few stops per trip, short trips, small network"
30,30,39,66.0,96.4936,127,0.4103,1.9242,2,1,0,0,Cluster A,high frequency
301,301,198,39.0,57.6007,62,0.4848,1.5897,2,0,2,0,Cluster A,high frequency
301A,301A,38,37.0,54.1114,59,0.3947,1.5946,3,0,2,0,Cluster B,"few stops per trip, short trips, small network"
302,302,107,25.0,27.1717,48,0.4393,1.92,3,0,1,0,Cluster B,"few stops per trip, short trips, small network"
302A,302A,4,49.0,59.15,83,0.5,1.6939,0,0,2,0,Cluster D,"low frequency, peak-heavy"
303,303,79,16.9873,18.8863,34,0.4937,2.0015,3,2,1,0,Cluster B,"few stops per trip, short trips, small network"
303A,303A,6,37.0,43.9083,71,0.5,1.9189,0,0,2,0,Cluster D,"low frequency, peak-heavy"
304,304,162,29.0,37.1333,54,0.463,1.8621,2,0,1,0,Cluster A,high frequency
305,305,80,46.0,66.225,87,0.5125,1.8913,2,0,2,0,Cluster A,high frequency
305A,305A,19,59.5263,93.5763,114,0.5789,1.9151,0,1,2,0,Cluster D,"low frequency, peak-heavy"
305B,305B,10,65.6,103.6767,122,0.5,1.8598,1,1,0,0,Cluster C,"low frequency, many stops per trip, long trips, large network"
306,306,18,26.6111,36.1343,50,0.7222,1.8789,0,2,1,-1,Cluster D,"low frequency, peak-heavy"
306A,306A,8,34.0,43.3,67,0.75,1.9706,0,3,1,1,Cluster D,"low frequency, peak-heavy"
307,307,10,20.0,21.75,36,0.5,1.8,3,2,1,0,Cluster B,"few stops per trip, short trips, small network"
308,308,40,12.0,12.3833,23,0.575,1.9167,3,2,3,0,Cluster B,"few stops per trip, short trips, small network"
309,309,170,46.0,57.9785,77,0.4824,1.6739,2,0,2,0,Cluster A,high frequency
312,312,19,46.1053,66.2974,89,0.4211,1.9304,2,0,2,0,Cluster A,high frequency
313,313,89,44.0,60.2732,85,0.5056,1.9318,2,0,2,0,Cluster A,high frequency
314,314,80,53.5,72.25,98,0.425,1.8318,2,0,2,0,Cluster A,high frequency
315,315,126,41.5238,57.2495,81,0.4524,1.9507,2,0,2,0,Cluster A,high frequency
316,316,8,63.0,90.5833,121,0.625,1.9206,0,3,0,0,Cluster D,"low frequency, peak-heavy"
317,317,34,50.0,74.5917,97,0.4412,1.94,2,0,2,0,Cluster A,high frequency
320,320,13,38.8462,46.6603,72,0.4615,1.8535,0,0,2,0,Cluster D,"low frequency, peak-heavy"
321,321,12,15.0,17.5,26,0.5,1.7333,3,2,3,0,Cluster B,"few stops per trip, short trips, small network"
322,322,103,53.4854,69.5204,100,0.4466,1.8697,2,0,2,0,Cluster A,high frequency
322A,322A,10,55.5,70.8167,103,0.5,1.8559,0,1,2,0,Cluster D,"low frequency, peak-heavy"
323,323,50,47.0,66.6583,93,0.42,1.9787,2,0,2,0,Cluster A,high frequency
323A,323A,12,39.0,57.3583,76,0.5,1.9487,0,0,2,0,Cluster D,"low frequency, peak-heavy"
324,324,170,44.5118,69.6209,79,0.4765,1.7748,2,0,2,0,Cluster A,high frequency
326,326,19,25.4737,33.8772,49,0.4211,1.9236,3,0,1,0,Cluster B,"few stops per trip, short trips, small network"
327,327,56,83.0,109.825,155,0.5714,1.8675,1,1,0,-1,Cluster C,"low frequency, many stops per trip, long trips, large network"
329,329,34,47.5294,70.5343,78,0.5588,1.6411,2,0,2,0,Cluster A,high frequency
330,330,6,69.0,92.9111,125,0.6667,1.8116,0,3,0,0,Cluster D,"low frequency, peak-heavy"
331,331,143,35.5035,40.6218,68,0.5175,1.9153,2,0,2,0,Cluster A,high frequency
331A,331A,9,61.3333,72.6796,111,0.6667,1.8098,0,3,0,0,Cluster D,"low frequency, peak-heavy"
331B,331B,9,59.1111,69.0537,103,0.6667,1.7425,0,3,0,0,Cluster D,"low frequency, peak-heavy"
332,332,14,37.0,52.7583,60,0.5,1.6216,3,0,2,0,Cluster B,"few stops per trip, short trips, small network"
333,333,41,62.5122,90.9102,112,0.4634,1.7917,2,1,2,0,Cluster A,high frequency
334,334,8,18.5,23.0417,35,0.625,1.8919,3,2,1,0,Cluster B,"few stops per trip, short trips, small network"
336,336,85,55.4824,91.6975,108,0.4118,1.9466,2,0,2,0,Cluster A,high frequency
337,337,16,67.5,95.125,134,0.4375,1.9852,1,1,0,0,Cluster C,"low frequency, many stops per trip, long trips, large network"
339,339,9,66.0,98.1185,118,0.3333,1.7879,1,1,0,-1,Cluster C,"low frequency, many stops per trip, long trips, large network"
34,34,20,30.0,57.9917,50,0.45,1.6667,3,0,3,0,Cluster B,"few stops per trip, short trips, small network"
340,340,45,47.0,60.5715,85,0.5111,1.8085,2,0,2,0,Cluster A,high frequency
341,341,14,47.0,68.525,90,0.5,1.9149,0,0,2,0,Cluster D,"low frequency, peak-heavy"
342,342,6,37.0,52.75,60,0.6667,1.6216,0,3,2,-1,Cluster D,"low frequency, peak-heavy"
343,343,53,51.5094,74.5682,100,0.5283,1.9414,2,0,2,0,Cluster A,high frequency
344,344,27,77.5185,93.1117,139,0.5185,1.7931,1,1,0,0,Cluster C,"low frequency, many stops per trip, long trips, large network"
345,345,32,41.5,63.7583,74,0.5938,1.7831,0,0,2,0,Cluster D,"low frequency, peak-heavy"
346,346,60,57.5,74.475,113,0.45,1.9652,2,0,2,0,Cluster A,high frequency
348,348,101,50.0,74.4553,83,0.4356,1.66,2,0,2,0,Cluster A,high frequency
35,35,176,33.9886,63.9077,54,0.4773,1.5888,2,0,2,-1,Cluster A,high frequency
350,350,179,29.0,33.9991,50,0.4972,1.7241,3,0,1,0,Cluster B,"few stops per trip, short trips, small network"
351,351,6,76.0,107.5222,127,0.6667,1.6711,1,3,0,0,Cluster C,"low frequency, many stops per trip, long trips, large network"
352,352,4,81.0,136.6,90,0.75,1.1111,1,2,0,-1,Cluster C,"low frequency, many stops per trip, long trips, large network"
353,353,25,51.52,93.48,101,0.56,1.9604,2,1,0,0,Cluster A,high frequency
354,354,40,64.5,84.0333,117,0.4,1.814,2,1,0,0,Cluster A,high frequency
355,355,76,49.5,64.8167,94,0.5132,1.899,2,0,2,0,Cluster A,high frequency
355A,355A,43,49.3953,63.5202,94,0.4651,1.903,2,0,2,0,Cluster A,high frequency
355M,355M,6,37.5,43.4583,70,0.5,1.8667,0,0,2,0,Cluster D,"low frequency, peak-heavy"
356,356,14,32.5,35.6083,57,0.6429,1.7538,0,3,1,0,Cluster D,"low frequency, peak-heavy"
357,357,136,31.9853,50.395,61,0.4191,1.9071,2,0,1,0,Cluster A,high frequency
358,358,141,50.0,85.7278,98,0.4326,1.96,2,0,2,0,Cluster A,high frequency
358A,358A,80,55.0,85.4917,109,0.475,1.9818,2,0,2,0,Cluster A,high frequency
359A,359A,6,63.0,105.7167,119,0.8333,1.8889,0,3,0,-1,Cluster D,"low frequency, peak-heavy"
360,360,44,84.5227,103.7394,150,0.4318,1.7747,1,1,0,0,Cluster C,"low frequency, many stops per trip, long trips, large network"
360A,360A,15,44.5333,57.7989,76,0.4667,1.7066,2,0,2,0,Cluster A,high frequency
361,361,174,21.0,25.4195,33,0.4253,1.5714,3,2,1,0,Cluster B,"few stops per trip, short trips, small network"
362,362,12,37.0,43.7083,64,0.4167,1.7297,3,0,2,0,Cluster B,"few stops per trip, short trips, small network"
363,363,46,38.4783,54.4551,64,0.5652,1.6633,2,0,2,0,Cluster A,high frequency
364,364,15,17.0,35.7956,24,0.4667,1.4118,3,2,3,-1,Cluster B,"few stops per trip, short trips, small network"
366,366,35,40.4857,65.2867,79,0.4857,1.9513,2,0,2,0,Cluster A,high frequency
367,367,54,50.5,60.225,98,0.5,1.9406,2,0,2,0,Cluster A,high frequency
367M,367M,13,50.5385,60.0936,96,0.4615,1.8995,2,0,2,0,Cluster A,high frequency
368,368,48,91.0,144.0635,177,0.4375,1.9451,1,1,0,0,Cluster C,"low frequency, many stops per trip, long trips, large network"
369,369,75,42.56,63.348,84,0.3733,1.9737,2,0,2,0,Cluster A,high frequency
37,37,16,23.0,26.8917,40,0.5,1.7391,3,2,1,0,Cluster B,"few stops per trip, short trips, small network"
370,370,6,61.0,102.625,122,0.5,2.0,1,1,0,0,Cluster C,"low frequency, many stops per trip, long trips, large network"
371,371,8,86.0,124.8417,149,0.5,1.7326,1,1,0,0,Cluster C,"low frequency, many stops per trip, long trips, large network"
372,372,151,47.0,60.9397,87,0.4371,1.8511,2,0,2,0,Cluster A,high frequency
372M,372M,4,47.0,61.5333,86,0.75,1.8298,0,3,2,1,Cluster D,"low frequency, peak-heavy"
373,373,4,53.5,79.0333,85,0.75,1.5888,0,3,0,-1,Cluster D,"low frequency, peak-heavy"
374,374,58,20.0,192.0583,39,0.5,1.95,2,1,0,-1,Cluster A,high frequency
374A,374A,13,21.0,192.5064,41,0.7692,1.9524,0,1,0,-1,Cluster D,"low frequency, peak-heavy"
375,375,12,71.5,130.9083,96,0.5833,1.3427,1,2,0,-1,Cluster C,"low frequency, many stops per trip, long trips, large network"
376,376,4,43.0,59.2083,81,0.5,1.8837,0,0,2,0,Cluster D,"low frequency, peak-heavy"
38,38,107,23.0,29.1687,38,0.486,1.6522,3,2,1,0,Cluster B,"few stops per trip, short trips, small network"
380,380,4,53.0,74.0833,99,0.75,1.8679,0,3,2,1,Cluster D,"low frequency, peak-heavy"
381,381,58,52.5,76.975,95,0.5345,1.8095,2,0,2,0,Cluster A,high frequency
39,39,23,27.0,32.9051,49,0.5217,1.8148,3,0,1,0,Cluster B,"few stops per trip, short trips, small network"
4,4,112,12.5,15.1667,21,0.4732,1.68,3,2,3,0,Cluster B,"few stops per trip, short trips, small network"
41,41,4,54.5,64.9083,99,0.5,1.8165,0,0,2,0,Cluster D,"low frequency, peak-heavy"
42,42,127,58.4961,91.8542,105,0.4173,1.795,2,0,2,0,Cluster A,high frequency
43,43,151,63.0927,122.2083,124,0.404,1.9654,2,1,0,-1,Cluster A,high frequency
43A,43A,79,53.9873,110.8608,107,0.6329,1.9819,2,1,0,-1,Cluster A,high frequency
44,44,32,61.0,105.75,120,0.5,1.9672,2,1,0,0,Cluster A,high frequency
47,47,12,39.0,48.8,72,0.5,1.8462,0,0,2,0,Cluster D,"low frequency, peak-heavy"
5,5,280,14.5,15.975,27,0.5286,1.8621,3,2,1,0,Cluster B,"few stops per trip, short trips, small network"
50,50,37,59.0811,77.6153,106,0.5135,1.7941,2,1,2,0,Cluster A,high frequency
51,51,70,38.0,43.3621,72,0.4714,1.8947,2,0,2,0,Cluster A,high frequency
52,52,63,54.9841,72.1328,103,0.3968,1.8733,2,0,2,0,Cluster A,high frequency
52A,52A,14,75.0,117.9333,140,0.5,1.8667,1,1,0,0,Cluster C,"low frequency, many stops per trip, long trips, large network"
55,55,54,23.5,24.5583,46,0.5,1.9574,3,0,1,0,Cluster B,"few stops per trip, short trips, small network"
57,57,29,36.4828,38.6845,73,0.5862,2.0009,0,0,2,0,Cluster D,"low frequency, peak-heavy"
58,58,97,17.5052,17.2034,31,0.4948,1.7709,3,2,1,0,Cluster B,"few stops per trip, short trips, small network"
59,59,96,18.5,18.3833,34,0.4792,1.8378,3,2,1,0,Cluster B,"few stops per trip, short trips, small network"
6,6,20,17.5,19.2333,32,0.55,1.8286,3,2,1,0,Cluster B,"few stops per trip, short trips, small network"
60,60,8,23.5,26.4667,39,0.5,1.6596,3,2,1,0,Cluster B,"few stops per trip, short trips, small network"
61,61,40,55.0,108.9167,104,0.525,1.8909,2,1,0,0,Cluster A,high frequency
64,64,119,61.0,81.4852,111,0.4034,1.8197,2,0,2,0,Cluster A,high frequency
64M,64M,2,42.0,58.475,77,0.0,1.8333,2,0,3,-1,Cluster A,high frequency
65A,65A,21,98.3333,168.2056,193,0.3333,1.9627,1,1,0,-1,Cluster C,"low frequency, many stops per trip, long trips, large network"
66,66,6,66.0,92.025,119,0.5,1.803,1,1,0,0,Cluster C,"low frequency, many stops per trip, long trips, large network"
67,67,77,40.5195,62.237,79,0.4416,1.9497,2,0,2,0,Cluster A,high frequency
67A,67A,15,57.4667,90.4556,109,0.4667,1.8968,2,1,2,0,Cluster A,high frequency
68,68,4,38.5,45.0167,71,0.75,1.8442,0,3,2,1,Cluster D,"low frequency, peak-heavy"
69,69,10,67.5,92.2083,126,0.5,1.8667,1,1,0,0,Cluster C,"low frequency, many stops per trip, long trips, large network"
70,70,14,99.5,146.3333,184,0.5,1.8492,1,1,0,-1,Cluster C,"low frequency, many stops per trip, long trips, large network"
72,72,16,53.5,66.075,97,0.6875,1.8131,0,3,2,0,Cluster D,"low frequency, peak-heavy"
73,73,8,70.5,111.2417,136,0.5,1.9291,1,1,0,0,Cluster C,"low frequency, many stops per trip, long trips, large network"
74,74,8,70.0,96.6667,122,0.625,1.7429,1,3,0,0,Cluster C,"low frequency, many stops per trip, long trips, large network"
77,77,8,70.0,98.375,120,0.5,1.7143,1,1,0,0,Cluster C,"low frequency, many stops per trip, long trips, large network"
78,78,4,51.0,58.525,87,0.25,1.7059,2,0,0,-1,Cluster A,high frequency
8,8,28,14.5,14.9667,26,0.5357,1.7931,3,2,3,0,Cluster B,"few stops per trip, short trips, small network"
81,81,4,37.5,41.025,67,0.5,1.7867,0,0,2,0,Cluster D,"low frequency, peak-heavy"
83,83,8,79.0,108.9333,145,0.5,1.8354,1,1,0,0,Cluster C,"low frequency, many stops per trip, long trips, large network"
84,84,11,77.3636,118.4712,135,0.5455,1.745,1,1,0,0,Cluster C,"low frequency, many stops per trip, long trips, large network"
84A,84A,11,55.0,77.4303,102,0.5455,1.8545,0,1,2,0,Cluster D,"low frequency, peak-heavy"
85,85,3,48.0,67.5833,85,0.6667,1.7708,0,3,2,1,Cluster D,"low frequency, peak-heavy"
86,86,25,59.0,84.9987,110,0.56,1.8644,2,1,2,0,Cluster A,high frequency
87,87,20,29.5,36.7667,54,0.5,1.8305,3,0,1,0,Cluster B,"few stops per trip, short trips, small network"
87A,87A,11,44.3636,65.2652,87,0.6364,1.9611,0,3,2,0,Cluster D,"low frequency, peak-heavy"
9,9,10,20.0,20.8667,34,0.6,1.7,3,2,1,0,Cluster B,"few stops per trip, short trips, small network"
90,90,19,31.9474,40.6167,53,0.5789,1.659,3,3,1,0,Cluster B,"few stops per trip, short trips, small network"
91,91,7,22.7143,27.7238,43,0.5714,1.8931,0,2,1,0,Cluster D,"low frequency, peak-heavy"
92,92,4,40.5,46.0917,74,0.75,1.8272,0,3,2,1,Cluster D,"low frequency, peak-heavy"
94,94,72,40.5,50.75,78,0.5278,1.9259,2,0,2,0,Cluster A,high frequency
95,95,4,25.0,30.1583,44,0.75,1.76,0,3,1,-1,Cluster D,"low frequency, peak-heavy"
97,97,4,33.0,40.1667,63,0.5,1.9091,0,0,1,0,Cluster D,"low frequency, peak-heavy"
98,98,150,56.0,81.3417,93,0.4,1.6607,2,0,2,0,Cluster A,high frequency
99,99,67,40.0149,53.4537,72,0.4627,1.7993,2,0,2,0,Cluster A,high frequency
AP2,AP2,67,12.0,12.6174,21,0.5075,1.75,3,2,3,0,Cluster B,"few stops per trip, short trips, small network"
B2,B2,17,21.0,28.8431,33,0.4706,1.5714,3,2,1,0,Cluster B,"few stops per trip, short trips, small network"
H11,H11,33,19.0,19.4712,37,0.4848,1.9474,3,2,1,0,Cluster B,"few stops per trip, short trips, small network"
H3,H3,56,15.5,15.9333,28,0.5714,1.8065,3,2,1,0,Cluster B,"few stops per trip, short trips, small network"
H8,H8,159,16.0,16.5363,28,0.4969,1.75,3,2,1,0,Cluster B,"few stops per trip, short trips, small network"
H9,H9,155,15.0,18.5694,28,0.5032,1.8667,3,2,1,0,Cluster B,"few stops per trip, short trips, small network"
K11,K11,30,13.0,12.9667,24,0.4333,1.8462,3,2,3,0,Cluster B,"few stops per trip, short trips, small network"
K12,K12,47,16.0,18.2606,23,0.4681,1.4375,3,2,3,-1,Cluster B,"few stops per trip, short trips, small network"
K12A,K12A,16,20.0,22.0833,21,0.4375,1.05,3,2,3,-1,Cluster B,"few stops per trip, short trips, small network"
K14,K14,48,14.0,14.0833,25,0.5417,1.7857,3,2,3,0,Cluster B,"few stops per trip, short trips, small network"
K16,K16,55,20.0,21.7688,35,0.5273,1.75,3,2,1,0,Cluster B,"few stops per trip, short trips, small network"
K7,K7,5,27.0,33.1833,49,0.4,1.8148,3,0,1,-1,Cluster B,"few stops per trip, short trips, small network"
METRO SHUTTLE 13,METRO SHUTTLE 13,19,15.0,18.8184,23,0.6316,1.5333,3,2,3,-1,Cluster B,"few stops per trip, short trips, small network"
METRO SHUTTLE 17,METRO SHUTTLE 17,12,22.5,34.2667,39,0.5,1.7333,3,2,1,0,Cluster B,"few stops per trip, short trips, small network"
METRO SHUTTLE 2,METRO SHUTTLE 2,14,20.0,23.975,37,0.5714,1.85,3,2,1,0,Cluster B,"few stops per trip, short trips, small network"
METRO SHUTTLE 20,METRO SHUTTLE 20,17,18.2353,23.5922,30,0.4118,1.6452,3,2,1,-1,Cluster B,"few stops per trip, short trips, small network"
METRO SHUTTLE 31,METRO SHUTTLE 31,21,15.4762,16.7746,28,0.6667,1.8092,3,2,1,-1,Cluster B,"few stops per trip, short trips, small network"
METRO SHUTTLE 32,METRO SHUTTLE 32,12,23.0,30.0667,45,0.5833,1.9565,0,2,1,0,Cluster D,"low frequency, peak-heavy"
N15,N15,42,12.5,13.45,23,0.5714,1.84,3,2,3,0,Cluster B,"few stops per trip, short trips, small network"
N16,N16,10,19.0,20.5,37,0.6,1.9474,3,2,1,0,Cluster B,"few stops per trip, short trips, small network"
P13,P13,10,21.5,22.75,36,0.6,1.6744,3,2,1,0,Cluster B,"few stops per trip, short trips, small network"
RATRANI 1,RATRANI 1,2,26.5,35.1167,44,0.0,1.6604,3,0,3,-1,Cluster B,"few stops per trip, short trips, small network"
RATRANI 2,RATRANI 2,6,26.5,34.1167,43,0.3333,1.6226,3,0,3,-1,Cluster B,"few stops per trip, short trips, small network"
RATRANI 3,RATRANI 3,7,18.0,27.9857,30,0.1429,1.6667,3,0,3,-1,Cluster B,"few stops per trip, short trips, small network"
RATRANI 4,RATRANI 4,7,17.1429,26.5071,30,0.1429,1.75,3,0,3,-1,Cluster B,"few stops per trip, short trips, small network"
RATRANI 7,RATRANI 7,6,50.0,58.6917,95,0.0,1.9,2,0,0,-1,Cluster A,high frequency
